project_name,nb_XML_files_beans_config,nb_Java_files_beans_config,nb_total_files_beans_config,nb_XML_beans,nb_Java_beans,nb_total_beans,is_autowired,nb_Java_files,LoC_Java,stargazers_count,watchers_count,forks_count,open_issues_count,score,size,created_at,
417511458/jbone,0,25,25,0,90,90,True,393,13447,433,433,294,0,24.127323,24787,2017-12-26T15:17:33Z,
527515025/springBoot,0,44,44,0,57,57,True,147,4715,1746,1746,1064,16,82.27074,352,2016-11-07T02:13:31Z,
7040210/SuperBoot,0,8,8,0,18,18,True,230,15870,158,158,65,0,15.326879,27500,2017-09-13T09:55:32Z,
aatarasoff/spring-thrift-starter,0,2,2,0,4,4,True,23,1049,127,127,46,4,40.655323,270,2015-09-07T21:01:07Z,
abel533/Mybatis-Spring,2,0,2,20,0,20,False,16,414,794,794,567,23,63.453518,1902,2014-11-21T17:03:40Z,
abel533/MyBatis-Spring-Boot,0,0,0,0,0,0,True,16,451,2315,2315,1330,90,67.71668,148,2015-12-19T09:57:22Z,
aboullaite/spring-boot-jwt,0,1,1,0,3,3,True,9,252,106,106,47,0,40.404003,7,2017-02-04T11:32:09Z,
Activiti/Activiti,0,12,12,0,68,68,True,1714,92824,4393,4393,3333,233,54.326878,94183,2012-09-13T11:34:43Z,
adrianbk/swagger-springmvc-demo,0,3,3,0,7,7,True,25,1131,158,158,106,11,46.1224,1346,2013-11-17T13:26:16Z,
aerospike/recommendation-engine-example,0,1,1,0,6,6,True,12,1088,105,105,38,1,26.484251,888609,2014-01-07T23:01:31Z,
alibaba/cobarclient,0,0,0,0,0,0,False,55,3425,507,507,376,3,33.270992,968,2013-07-15T02:22:23Z,
alibaba/dubbo-spring-boot-starter,0,2,2,0,3,3,False,12,859,1348,1348,530,33,67.050995,81,2017-01-20T08:02:19Z,
alibaba/jetcache,0,6,6,0,11,11,True,163,8677,1108,1108,281,35,41.59525,1912,2017-04-12T07:48:23Z,
alibaba/velocity-spring-boot-project,0,3,3,0,10,10,True,38,1409,160,160,39,1,40.15028,108,2018-06-15T03:43:42Z,
alipay/sofa-boot,7,4,11,13,23,36,True,186,7609,2229,2229,574,10,36.82168,999,2018-04-02T08:28:14Z,
ameizi/spring-quartz-cluster-sample,2,0,2,7,0,7,False,10,580,172,172,132,0,47.77201,107,2016-08-04T08:16:21Z,
anilallewar/microservices-basics-spring-boot,0,2,2,0,2,2,True,23,911,318,318,202,9,51.689278,5395,2017-04-20T10:48:46Z,
aol/micro-server,0,27,27,0,42,42,True,284,10684,890,890,209,49,40.868324,8230,2015-02-23T21:54:25Z,
apache/incubator-dubbo,1,0,1,1,0,1,True,771,56615,23341,23341,15826,273,39.523277,13829,2012-06-19T07:56:02Z,
apache/incubator-dubbo-spring-boot-project,0,3,3,0,10,10,True,23,848,2379,2379,674,23,60.860672,932,2018-01-18T12:10:50Z,
Appolica/Flubber,0,0,0,0,0,0,False,111,3707,227,227,39,3,23.91441,3119,2017-02-04T16:28:05Z,
apssouza22/java-microservice,0,6,6,0,8,8,True,110,2874,104,104,76,3,35.581543,743,2017-04-03T16:20:17Z,
arnaudroger/SimpleFlatMapper,0,0,0,0,0,0,False,1098,47527,249,249,41,31,24.487072,9159,2014-07-16T17:44:33Z,
arocketman/Spring-oauth2-jpa-example,0,1,1,0,3,3,True,11,258,136,136,78,1,42.03837,16,2017-04-14T15:38:52Z,
avthart/spring-boot-axon-sample,0,0,0,0,0,0,True,24,476,142,142,81,1,44.21679,2185,2014-02-23T07:12:15Z,
awslabs/aws-serverless-java-container,0,2,2,2,12,14,True,96,7142,601,601,176,21,35.69501,880,2016-12-05T20:04:57Z,
aws-samples/eb-java-scorekeep,0,1,1,0,1,1,True,36,1409,101,101,70,2,25.046028,930,2016-10-31T18:08:30Z,
b3log/latke,0,0,0,0,0,0,False,188,13668,629,629,263,1,32.083206,35144,2012-08-09T05:54:40Z,
backkoms/simplemall,0,12,12,0,25,25,True,104,11756,451,451,233,6,24.91032,853,2017-08-12T22:25:50Z,
Baeldung/spring-security-oauth,0,18,18,0,55,55,True,52,1679,834,834,578,20,60.441006,697,2016-03-02T09:04:07Z,
Baeldung/spring-security-registration,0,5,5,0,18,18,True,66,2973,620,620,463,3,64.36783,1664,2016-03-02T09:10:48Z,
baichengzhou/SpringMVC-Mybatis-shiro,5,0,5,47,0,47,False,90,6155,304,304,233,0,63.41063,520,2016-06-21T02:24:22Z,
baichengzhou/SpringMVC-Mybatis-Shiro-redis-0.2,5,0,5,49,0,49,False,91,6330,1271,1271,991,26,72.91698,26304,2016-11-25T10:12:46Z,
battcn/spring-boot2-learning,0,8,8,0,27,27,True,110,2806,351,351,171,2,50.943527,272,2018-03-02T09:36:05Z,
bclozel/spring-resource-handling,0,0,0,0,0,0,True,5,130,140,140,38,3,39.87517,278,2014-04-24T14:13:01Z,
bclozel/webflux-workshop,0,2,2,0,3,3,True,16,415,105,105,53,1,45.044632,92,2017-05-04T13:56:27Z,
benwilcock/cqrs-microservice-sampler,0,4,4,0,35,35,True,31,1163,449,449,219,7,44.049263,1080,2015-09-22T12:45:29Z,
berndruecker/flowing-retail,0,5,5,0,13,13,True,140,4939,429,429,126,5,18.727795,26500,2017-09-13T11:41:51Z,
bfwg/angular-spring-starter,0,1,1,0,3,3,True,28,978,218,218,107,4,47.003456,46631,2017-05-14T00:13:38Z,
bfwg/springboot-jwt-starter,0,1,1,0,2,2,True,19,751,411,411,207,0,52.514626,220,2016-10-30T00:00:47Z,
bijukunjummen/spring-cloud-ping-pong-sample,0,2,2,0,3,3,True,21,473,108,108,101,1,46.368217,210,2015-05-30T04:20:51Z,
bill1012/AdminEAP,6,1,7,59,2,61,True,233,17894,799,799,444,9,39.970142,30146,2016-09-25T03:51:06Z,
binarywang/weixin-java-mp-demo-springboot,0,1,1,0,1,1,True,23,682,448,448,295,0,52.303017,3101,2016-10-27T07:26:17Z,
binarywang/weixin-java-mp-demo-springmvc,2,0,2,5,0,5,False,18,554,,,,,,,,
binarywang/weixin-java-pay-demo,0,2,2,0,2,2,True,8,444,215,215,142,1,32.914375,67,2017-03-05T07:14:36Z,
bitkylin/ClusterDeviceControlPlatform,0,3,3,0,5,5,True,334,12850,167,167,84,0,9.6172695,1150,2017-02-21T12:56:42Z,
bkielczewski/example-spring-boot-security,0,0,0,0,0,0,True,19,475,299,299,220,2,51.900063,100,2014-12-25T15:31:03Z,
blk-io/erc20-rest-service,0,0,0,0,2,2,True,6,735,112,112,65,7,31.046179,1647,2017-05-28T05:38:41Z,
BottegaIT/ddd-leaven-v2,1,0,1,8,0,8,False,161,3691,480,480,147,0,29.777313,385,2013-12-06T14:00:22Z,
boylegu/SpringBoot-vue,0,1,1,0,1,1,True,12,576,1196,1196,547,10,73.78479,33044,2017-06-20T07:07:19Z,
brianway/spring-learning,29,5,34,156,8,164,False,117,2349,231,231,141,0,51.60015,2094,2016-05-09T12:58:37Z,
brianway/springmvc-mybatis-learning,7,0,7,31,0,31,False,58,3559,1762,1762,792,4,64.21033,16311,2016-03-10T07:29:31Z,
BroadleafCommerce/BroadleafCommerce,25,0,25,511,0,511,False,2215,146405,1203,1203,973,171,53.506218,282244,2011-12-09T17:53:52Z,
brunocleite/spring-boot-exception-handling,0,0,0,0,0,0,True,12,425,122,122,81,1,43.793613,60,2017-07-21T00:37:15Z,
bz51/SpringBoot-Dubbo-Docker-Jenkins,0,2,2,0,8,8,True,142,6026,755,755,349,15,67.20604,442,2018-01-18T01:38:08Z,
CaledoniaProject/CVE-2018-1270,0,0,0,0,0,0,True,8,135,101,101,24,0,37.094376,474,2018-04-07T00:14:33Z,
callicoder/spring-boot-mysql-rest-api-tutorial,0,0,0,0,0,0,True,6,159,118,118,124,4,41.300797,58,2017-06-27T13:31:50Z,
callicoder/spring-security-react-ant-design-polls-app,0,2,2,0,4,4,True,46,1761,368,368,207,6,51.263218,1283,2018-02-28T05:01:35Z,
camunda/camunda-bpm-spring-boot-starter,0,5,5,0,38,38,False,79,3075,176,176,106,5,44.31269,4763,2015-06-16T04:05:20Z,
Cenyol/SpringMVC,3,1,4,7,2,9,True,13,303,409,409,346,3,69.40838,13013,2015-10-24T12:54:44Z,
cf-samples-attic/springsource-cloudfoundry-samples,27,8,35,79,43,122,True,90,4032,263,263,189,3,50.825653,19089,2011-04-04T13:56:58Z,
changmingxie/aggregate-framework,5,0,5,17,0,17,False,95,4680,194,194,98,1,6.8960238,2312,2015-09-02T03:10:46Z,
chaokunyang/cloud-shop,0,2,2,0,3,3,True,35,911,105,105,62,3,28.472721,118,2017-02-15T10:18:12Z,
chaokunyang/microservices-event-sourcing,0,3,3,0,14,14,True,104,3706,484,484,249,13,33.404087,6465,2017-03-09T10:13:00Z,
chengzhx76/weixin-shop-spring-cloud,0,3,3,0,18,18,True,173,5039,386,386,220,7,52.663216,213,2017-08-15T06:20:41Z,
chenlei2/spring-boot-mybatis-rw,3,1,4,10,6,16,True,20,1044,268,268,132,9,48.815548,153,2016-07-03T11:12:02Z,
chenupt/SpringIndicator,0,0,0,0,0,0,False,11,560,2206,2206,538,21,77.983604,5829,2015-01-31T12:26:00Z,
ChinaLHR/JavaQuarkBBS,0,9,9,0,23,23,True,126,4941,368,368,144,2,33.88071,3240,2017-07-30T13:01:46Z,
chxfantasy/spring-cloud-demo,0,13,13,0,33,33,True,107,3899,225,225,85,1,45.605778,1105,2017-12-17T17:28:51Z,
cjbi/wetech-admin,0,4,4,0,21,21,True,77,3522,113,113,59,0,6.8675146,124382,2017-10-30T05:25:50Z,
classtag/mini-rpc,2,0,2,4,0,4,False,17,594,146,146,115,1,34.749447,73,2015-01-04T08:26:59Z,
cmlbeliever/SpringBootLearning,2,19,21,8,60,68,True,105,3769,110,110,67,0,51.477455,1308,2017-02-19T01:54:34Z,
code4craft/tiny-spring,0,0,0,0,0,0,False,76,1514,1756,1756,1011,11,69.18864,637,2014-01-10T16:37:57Z,
codecentric/chaos-monkey-spring-boot,0,1,1,0,14,14,True,39,1055,351,351,37,5,43.21753,2696,2017-04-06T07:56:01Z,
codecentric/spring-boot-admin,0,13,13,0,59,59,False,157,7465,6072,6072,1732,23,71.66825,16030,2014-07-25T11:39:13Z,
codecentric/spring-boot-starter-batch-web,4,7,11,19,21,40,True,47,2030,202,202,102,2,44.432434,1336,2014-04-10T07:05:25Z,
code-not-found/spring-kafka,0,18,18,0,75,75,True,48,1409,120,120,231,1,54.80191,143,2016-09-27T17:24:10Z,
coder-yqj/springboot-shiro,0,3,3,0,12,12,True,34,1183,357,357,241,3,56.171673,844,2017-04-19T08:55:14Z,
codingapi/springcloud-lcn-demo,0,0,0,0,11,11,True,53,1273,127,127,113,12,45.842045,312,2017-11-14T09:07:39Z,
Codingpedia/demo-rest-jersey-spring,1,0,1,13,0,13,False,30,1115,234,234,201,1,50.98622,346,2014-05-24T04:32:37Z,
CrazyHusen/highdsa,20,1,21,169,3,172,True,227,11930,139,139,65,0,15.341257,5149,2018-02-02T12:16:28Z,
crossoverJie/springboot-cloud,0,6,6,0,7,7,True,43,1643,375,375,177,0,54.398453,142,2017-06-26T02:35:17Z,
cwenao/springboot_cwenao,2,9,11,2,20,22,True,54,1408,235,235,147,0,51.865772,116,2017-01-29T11:39:45Z,
dadoonet/spring-elasticsearch,0,0,0,0,0,0,False,10,801,251,251,110,2,52.00234,505,2012-02-10T20:02:15Z,
daniel-cottone/Cerberus,0,1,1,0,4,4,True,19,710,454,454,183,3,30.525116,132,2015-07-10T13:02:37Z,
daniellitoc/xultimate-resource,8,0,8,48,0,48,False,14,454,159,159,130,3,10.17165,256,2014-02-09T14:13:24Z,
DanielThomas/spring-boot-starter-netty,0,1,1,0,2,2,True,23,2120,131,131,57,0,43.44812,272,2014-11-20T17:01:32Z,
darrachequesne/spring-data-jpa-datatables,0,0,0,0,0,0,False,18,766,210,210,96,11,46.265957,181,2015-08-10T19:38:33Z,
davidkiss/spring-boot-quartz-demo,0,1,1,0,5,5,True,5,142,261,261,179,2,50.303165,19,2015-01-21T04:27:27Z,
ddd-by-examples/all-things-cqrs,0,0,0,0,0,0,True,68,1305,212,212,32,0,23.139307,3725,2018-08-17T08:11:04Z,
ddd-by-examples/factory,0,4,4,0,8,8,True,91,2265,489,489,93,2,32.73329,9779,2017-12-04T07:53:57Z,
dearbinge/dubbo-spring-boot-mybatis-redis,2,0,2,7,0,7,False,17,499,707,707,504,7,56.541584,29,2016-04-05T09:22:35Z,
dhis2/dhis2-core,29,7,36,893,15,908,True,2625,225726,104,104,124,19,39.30535,57047,2016-08-30T12:57:05Z,
dlizarra/spring-boot-react-webpack-starter,0,2,2,0,5,5,True,25,606,140,140,50,1,39.394836,47,2016-02-28T14:10:26Z,
dockersamples/atsea-sample-shop-app,0,1,1,0,10,10,True,26,1115,343,343,240,1,25.594357,7403,2017-02-27T19:09:35Z,
drtrang/druid-spring-boot,0,8,8,0,21,21,True,29,1139,216,216,60,4,44.956337,320,2017-07-11T03:22:26Z,
dsyer/sparklr-boot,0,0,0,0,0,0,True,1,76,135,135,85,1,41.889294,98,2014-03-13T15:04:04Z,
dsyer/spring-boot-startup-bench,0,1,1,0,18,18,True,88,5711,121,121,20,2,36.8265,758,2016-11-30T10:42:25Z,
dsyer/spring-boot-thin-launcher,0,2,2,0,7,7,True,62,5033,311,311,30,9,40.40774,1497,2016-10-18T09:13:45Z,
dyc87112/SpringBoot-Learning,2,11,13,2,27,29,True,114,2344,5234,5234,2239,16,88.36955,32687,2016-08-21T03:39:06Z,
dyc87112/SpringCloudBook,0,1,1,0,19,19,True,62,1223,372,372,268,8,64.85533,50,2017-01-08T12:12:35Z,
dyc87112/spring-cloud-config-admin,0,7,7,0,10,10,True,61,1792,408,408,144,44,50.28346,17489,2018-04-02T03:24:12Z,
dyc87112/SpringCloud-Learning,0,1,1,0,11,11,True,74,1439,3164,3164,1572,9,84.28989,177,2016-08-21T03:39:52Z,
dynamind/spring-boot-security-oauth2-minimal,0,1,1,0,3,3,True,5,240,362,362,154,2,45.042213,68,2015-07-30T09:01:58Z,
eacdy/spring-cloud-study,0,0,0,0,2,2,True,27,428,807,807,594,2,60.280563,364,2016-08-26T09:35:58Z,
eugenp/tutorials,82,354,436,218,939,1157,True,5612,164202,10093,10093,15131,50,88.4504,113440,2013-04-29T18:26:36Z,
eventuate-examples/eventuate-examples-java-spring-todo-list,0,7,7,0,19,19,True,67,1674,190,190,97,15,41.14167,439,2015-12-19T19:24:23Z,
ewolff/microservice,0,3,3,0,3,3,True,24,977,459,459,226,3,31.297667,263,2015-04-01T21:36:42Z,
Exrick/x-boot,0,3,3,0,3,3,True,133,5176,671,671,253,3,28.329363,3502,2018-04-23T14:44:18Z,
fabric8io/spring-cloud-kubernetes,0,7,7,0,13,13,True,44,1936,561,561,162,22,53.513454,369,2016-03-25T14:32:54Z,
facebook/rebound,0,0,0,0,0,0,False,34,3609,5228,5228,846,26,45.83314,23621,2013-10-11T01:12:37Z,
fallsea/spring-boot-starter-motan,0,4,4,0,8,8,True,11,202,101,101,49,0,40.53603,25,2017-09-19T06:30:48Z,
fanchaoo/forum,2,0,2,11,0,11,False,32,1604,244,244,159,10,28.930557,1223,2016-10-25T02:51:51Z,
fanchaoo/hahu,2,0,2,14,0,14,False,44,3042,254,254,126,4,28.383558,586,2017-05-03T09:33:15Z,
fangjian0423/springboot-analysis,3,2,5,4,7,11,True,90,1383,109,109,68,0,44.840225,73,2017-05-01T16:26:29Z,
FastBootWeixin/FastBootWeixin,0,6,6,0,38,38,True,205,32473,488,488,143,5,19.178658,53170,2017-08-25T08:04:19Z,
Feng14/MiniWeChat-Server,1,0,1,10,0,10,False,80,23157,196,196,124,1,39.585884,26111,2015-03-09T02:11:17Z,
fengjiachun/Jupiter,3,0,3,12,0,12,False,400,27546,838,838,402,4,20.264761,9409,2015-10-23T15:04:14Z,
flindby/spring-oauth2-zuul,0,3,3,0,3,3,True,9,299,101,101,65,1,41.785915,17,2015-11-25T13:25:47Z,
flipkart-incubator/springy-heads,0,0,0,0,0,0,False,25,2968,353,353,103,32,50.80199,5689,2015-02-17T11:16:21Z,
FluentLenium/FluentLenium,0,1,1,0,1,1,True,315,13477,669,669,167,36,23.519726,6319,2011-07-22T13:26:37Z,
Foreveriss/SpringBoot,0,16,16,0,36,36,True,85,2255,333,333,216,4,65.23204,359,2017-06-29T11:26:10Z,
forezp/SpringBootLearning,0,2,2,0,23,23,True,85,1979,902,902,537,7,72.528046,206,2017-04-21T15:57:41Z,
forezp/springcloud-book,0,28,28,0,46,46,True,178,4230,221,221,207,0,53.776806,683,2018-03-18T03:19:24Z,
forezp/SpringCloudLearning,0,0,0,0,25,25,True,74,1491,5538,5538,3205,25,91.234856,514,2017-04-08T10:06:56Z,
fp2952/spring-cloud-base,0,11,11,0,28,28,True,108,4173,103,103,62,4,56.9428,1756,2018-04-13T04:47:07Z,
freew01f/securing-spring-boot-with-jwts,0,0,0,0,0,0,True,1,235,103,103,58,1,49.258617,49,2017-04-28T04:45:23Z,
FrontierPsychiatrist/spring-oauth-example,0,4,4,0,11,11,True,18,736,123,123,73,3,43.307026,217,2014-06-28T12:32:50Z,
Fruzenshtein/spr-mvc-hib,0,1,1,0,4,4,True,9,282,204,204,336,2,44.694633,38,2013-04-20T15:40:13Z,
fuhoujun/e,0,3,3,0,5,5,True,15,773,409,409,257,0,9.164409,87440,2016-03-17T08:23:45Z,
FunriLy/springboot-study,0,7,7,0,10,10,True,59,1773,115,115,148,0,49.77948,91,2017-01-24T08:29:56Z,
FutureProcessing/spring-boot-security-example,0,2,2,0,7,7,True,26,700,229,229,156,1,49.165154,231,2014-11-14T15:51:04Z,
FuZhucheng/SSM,5,0,5,13,0,13,False,60,2653,488,488,261,5,39.743156,86078,2017-04-01T13:09:08Z,
g00glen00b/ng-spring-boot,0,0,0,0,0,0,True,4,74,177,177,152,0,59.9943,32,2014-12-15T21:50:44Z,
gaussic/SpringMVCDemo,1,0,1,4,0,4,False,6,317,402,402,376,31,69.800476,81,2016-03-08T14:49:10Z,
gdpancheng/LoonAndroid,0,0,0,0,0,0,False,218,19337,562,562,373,10,15.179828,16475,2014-03-07T01:26:46Z,
githubofrico/RestSpringMVCDemo,2,0,2,11,0,11,True,19,527,260,260,203,3,51.18519,24,2017-07-05T01:02:05Z,
gothinkster/spring-boot-realworld-example-app,0,2,2,0,3,3,True,64,1879,217,217,97,1,44.429836,292,2017-08-28T17:43:55Z,
grossopa/weixin-mp-java,0,0,0,0,0,0,False,102,2461,224,224,161,9,18.654554,426,2013-08-01T14:16:24Z,
gustavoponce7/SpringSecurityLoginTutorial,0,1,1,0,1,1,True,10,308,142,142,176,10,59.148605,125,2016-11-16T19:34:58Z,
habuma/spring-in-action-4-samples,12,28,40,31,59,90,True,176,4370,333,333,317,15,52.073,446,2014-11-06T18:32:03Z,
hamvocke/spring-testing,0,0,0,0,1,1,True,6,202,223,223,117,4,50.315186,6640,2017-05-12T06:49:12Z,
hantsy/angularjs-springmvc-sample,0,7,7,0,12,12,True,32,1213,291,291,211,0,51.590485,1041,2014-06-09T16:34:31Z,
hantsy/angularjs-springmvc-sample-boot,0,5,5,0,7,7,True,44,1622,283,283,137,0,57.078075,429,2015-08-05T08:39:08Z,
hantsy/spring-reactive-sample,0,74,74,0,150,150,True,149,5616,457,457,133,2,54.892086,801,2017-07-24T15:10:55Z,
hatunet/spring-data-mybatis,0,0,0,0,0,0,False,94,5677,142,142,56,31,42.117466,783,2016-11-07T03:01:48Z,
Heeexy/SpringBoot-Shiro-Vue,0,1,1,0,8,8,True,29,902,798,798,378,0,69.72665,311,2017-11-17T18:49:06Z,
heikehuan/springboot-multiple-dataSources,0,1,1,0,6,6,True,20,434,111,111,64,1,42.364017,54,2016-07-05T14:38:50Z,
hellokoding/registration-login-spring-hsql,0,1,1,0,1,1,True,13,328,175,175,236,7,59.3858,43,2016-07-05T07:01:37Z,
hellokoding/registration-login-spring-xml-maven-jsp-mysql,2,0,2,6,0,6,False,11,273,110,110,181,1,51.40705,60,2015-12-29T01:10:38Z,
helloworlde/SpringBoot-DynamicDataSource,0,1,1,0,7,7,True,21,586,181,181,98,0,54.084003,125,2017-12-18T16:13:41Z,
hemin1003/spring-boot-study,0,1,1,0,1,1,True,47,1136,157,157,89,0,45.161774,89,2016-10-31T02:58:07Z,
hemin1003/yfax-parent,0,2,2,0,4,4,True,348,20053,130,130,69,1,16.526026,4807,2017-07-20T03:20:15Z,
heyuxian/mcloud,0,10,10,0,32,32,True,40,1259,112,112,55,0,11.063974,1127,2017-09-05T13:26:39Z,
hisenyuan/SSM_BookSystem,14,0,14,45,0,45,False,59,3944,178,178,118,9,21.926828,225,2017-04-24T17:11:05Z,
hmkcode/Spring-Framework,14,4,18,27,5,32,True,45,1174,173,173,650,3,62.708786,257,2013-04-30T17:17:24Z,
honeyzhaoAliyun/WeixinMultiPlatform,0,0,0,0,0,0,False,102,5106,125,125,102,0,5.288189,336,2015-03-19T08:52:17Z,
hot13399/spring-mvc-mini,1,0,1,3,0,3,True,21,1252,419,419,342,4,55.47883,710,2015-03-24T12:52:25Z,
hot13399/spring-mvc-REST,0,0,0,0,0,0,False,8,324,107,107,84,2,43.798946,427,2016-08-16T23:47:51Z,
hryou0922/spring_boot,2,5,7,6,27,33,True,268,19424,216,216,122,1,50.365932,1385,2017-02-21T11:57:37Z,
hryou0922/spring_cloud,0,2,2,0,17,17,True,49,1162,101,101,48,0,42.70279,461,2017-07-31T06:05:07Z,
hs-web/hsweb-framework,0,43,43,0,206,206,True,1091,42160,4875,4875,2046,4,11.996332,30107,2016-01-18T03:51:39Z,
huhuics/joice,12,0,12,46,0,46,True,135,4878,161,161,70,2,31.792755,4485,2017-08-17T13:34:38Z,
hzxie/voj,2,0,2,33,0,33,True,103,7607,180,180,64,2,29.489529,5169,2014-10-14T15:34:46Z,
iainporter/rest-java,5,4,9,14,5,19,False,68,2652,188,188,125,2,39.498436,908,2012-12-28T14:08:55Z,
ichenkaihua/ssm-easy-template,7,1,8,25,1,26,True,32,968,364,364,215,2,35.52281,682,2015-08-26T02:07:51Z,
icnws/spring-data-jpa-demo,0,1,1,0,1,1,True,18,746,236,236,63,0,43.840862,44,2017-06-25T15:08:47Z,
imalexyang/authManager,8,0,8,43,0,43,False,65,3729,110,110,94,1,16.918564,2579,2015-03-19T02:29:48Z,
in28minutes/spring-boot-examples,1,3,4,2,11,13,True,96,2527,291,291,961,6,60.715782,315,2017-11-27T04:31:20Z,
in28minutes/SpringBootForBeginners,0,0,0,0,2,2,True,39,967,168,168,255,0,62.275105,405,2017-01-02T08:57:38Z,
in28minutes/SpringIn28Minutes,4,0,4,15,0,15,True,62,1964,364,364,377,0,67.58242,3910,2015-11-15T15:35:37Z,
in28minutes/spring-master-class,6,0,6,18,0,18,True,110,2854,207,207,383,1,54.401867,1721,2017-08-07T06:56:45Z,
in28minutes/spring-microservices,0,1,1,0,5,5,True,45,1142,236,236,512,3,73.96588,50036,2017-09-07T13:24:37Z,
in28minutes/SpringMvcStepByStep,1,0,1,4,0,4,False,8,314,393,393,458,11,67.129555,469,2015-12-23T13:09:44Z,
itmuch/spring-cloud-docker-microservice-book-code-docker,0,0,0,0,3,3,True,11,226,218,218,205,0,45.213726,325,2017-03-27T12:10:32Z,
itmuch/spring-cloud-dubbo-together,0,3,3,0,12,12,True,9,223,123,123,59,0,42.05763,25955,2017-04-08T15:45:38Z,
ityouknow/drools-examples,0,2,2,0,10,10,True,15,637,123,123,86,1,41.777367,26,2017-08-01T08:07:03Z,
ityouknow/spring-boot-examples,0,11,11,0,50,50,True,120,2803,6971,6971,4023,12,76.95371,904,2016-11-05T05:32:33Z,
ityouknow/spring-cloud-examples,0,0,0,0,1,1,True,40,602,2423,2423,1421,8,68.28047,66,2017-04-28T08:48:53Z,
jacek99/dropwizard-spring-di-security-onejar-example,0,1,1,0,1,1,True,23,562,136,136,40,1,39.415333,1471,2013-04-23T19:29:58Z,
JaceyRx/Examination_System,5,0,5,17,0,17,False,55,4560,540,540,316,15,32.533775,884,2017-07-07T12:17:50Z,
JamesZBL/FS-Blog,0,4,4,0,7,7,True,71,2114,509,509,232,7,24.99304,9276,2017-10-18T12:27:05Z,
Jasig/uPortal,68,6,74,508,80,588,True,1606,125861,183,183,234,36,21.775957,167444,2011-10-20T15:34:22Z,
javahongxi/whatsmars,14,12,26,67,35,102,True,500,17141,521,521,246,1,36.86714,11672,2016-04-01T10:33:04Z,
JavaOPs/topjava,0,0,0,0,0,0,False,1,6,124,124,1402,26,41.124893,102,2015-08-25T23:10:09Z,
javaor/HelloSSM,2,0,2,5,0,5,True,6,178,102,102,66,0,28.785957,10052,2015-10-18T05:14:24Z,
Javen205/SSM,2,0,2,11,0,11,False,6,228,156,156,160,1,32.83904,164,2015-08-30T09:48:34Z,
JayTange/Jantent,0,1,1,0,11,11,True,118,10801,203,203,79,0,37.37302,23566,2018-03-28T05:27:16Z,
jbarrez/spring-boot-with-activiti-example,0,0,0,0,2,2,True,5,108,320,320,280,3,51.10222,82,2015-02-16T14:51:06Z,
jclagache/spring-data-mybatis,0,2,2,0,5,5,False,20,476,,,,,,,,
JD-Software/JDeSurvey,7,0,7,68,0,68,False,150,20760,153,153,141,12,17.982012,78877,2014-07-16T14:43:06Z,
jeesun/oauthserver,0,8,8,0,17,17,True,105,4200,114,114,56,0,24.384602,1326,2017-02-19T08:17:30Z,
JeffLi1993/springboot-learning-example,0,5,5,0,10,10,True,136,3178,7420,7420,4049,14,77.279236,256,2017-02-06T07:02:25Z,
JeffLi1993/springcloud-learning-example,0,0,0,0,2,2,True,9,168,325,325,183,1,57.30495,75,2017-06-21T11:29:31Z,
je-ge/spring-boot,0,4,4,0,7,7,True,64,2167,284,284,223,1,55.105175,784,2016-11-24T07:55:44Z,
jhipster/jhipster-registry,0,12,12,0,19,19,True,63,2574,431,431,418,9,55.988018,4424,2016-02-05T12:47:59Z,
jiangcaijun/ssm,6,0,6,35,0,35,False,37,1284,115,115,48,3,15.393534,154,2017-01-14T07:32:25Z,
jiangchao123/spring-cloud-security-oauth2-jdbc,0,3,3,0,5,5,True,8,276,109,109,58,0,36.998905,21,2017-03-12T05:21:46Z,
jiangchao123/spring-cloud-security-oauth2-jwt,0,3,3,0,7,7,True,10,200,118,118,63,2,37.677505,17,2017-03-12T09:42:38Z,
jiangjingming/springboot-study,0,5,5,0,14,14,True,78,5160,112,112,43,4,42.302837,127,2017-06-06T06:21:00Z,
jirutka/spring-rest-exception-handler,1,0,1,6,0,6,False,20,875,309,309,111,15,48.18801,230,2014-04-02T19:23:37Z,
jkazama/ddd-java,0,1,1,0,1,1,True,67,2442,120,120,25,0,38.034924,420,2014-11-25T09:00:24Z,
jmdhappy/xxpay-master,0,4,4,0,18,18,True,202,23307,781,781,428,2,27.252192,4221,2017-08-12T02:40:32Z,
jmnarloch/rxjava-spring-boot-starter,0,1,1,0,3,3,False,9,250,162,162,38,3,44.09505,130,2016-01-21T11:54:34Z,
JoeCao/qbike,0,4,4,0,14,14,True,73,1857,122,122,48,3,27.780653,380,2017-11-27T09:26:36Z,
johntostring/spring-boot-shiro,0,1,1,0,17,17,True,20,885,170,170,56,0,42.419327,40,2016-04-18T06:57:42Z,
joinfaces/joinfaces,0,23,23,0,53,53,True,117,4336,205,205,57,5,49.042324,3850,2016-04-29T17:27:00Z,
jonashackt/tutorial-soap-spring-boot-cxf,0,15,15,0,60,60,True,36,1213,121,121,95,0,42.797714,122,2016-01-15T07:41:06Z,
Joryun/Shop,3,0,3,7,0,7,False,70,2717,148,148,130,4,34.24151,37705,2016-12-30T14:10:37Z,
joshlong/boot-examples,0,3,3,0,6,6,True,11,881,212,212,164,14,46.796997,587,2013-12-16T10:39:28Z,
joshlong/cloud-native-workshop,0,0,0,0,31,31,True,23,1489,601,601,308,5,63.318604,49542,2015-09-19T01:46:40Z,
joshlong/the-spring-rest-stack,0,4,4,0,10,10,True,61,2950,329,329,225,25,52.466843,5173,2013-06-13T05:04:33Z,
jpenren/thymeleaf-spring-data-dialect,0,0,0,0,0,0,False,26,767,133,133,53,14,41.713226,316,2015-08-30T08:26:28Z,
jreijn/spring-comparing-template-engines,2,0,2,33,0,33,True,8,225,278,278,81,13,46.082775,98,2013-11-07T09:39:01Z,
judasn/Basic-Multi-Module-SSM,5,0,5,10,0,10,False,6,242,211,211,419,0,14.761144,220,2016-03-20T07:22:46Z,
judasn/Basic-Single-Module-SSM,5,0,5,10,0,10,False,5,232,360,360,784,2,16.06414,228,2016-03-19T13:26:36Z,
justinbaby/spring-mybatis,6,0,6,13,0,13,False,23,1106,214,214,113,3,49.866676,12377,2016-06-18T03:31:39Z,
kanwangzjm/funiture,4,0,4,21,0,21,True,228,9359,1385,1385,727,1,37.080536,32229,2016-03-06T11:54:46Z,
kbastani/spring-boot-graph-processing-example,0,2,2,0,7,7,True,15,784,185,185,116,4,44.93549,252,2015-12-15T16:28:11Z,
kbastani/spring-cloud-event-sourcing-example,0,5,5,0,16,16,True,108,4365,892,892,587,11,57.619896,5974,2016-03-25T21:42:49Z,
kbastani/spring-cloud-microservice-example,0,1,1,0,8,8,True,39,1050,2529,2529,1597,21,68.853294,3287,2015-05-20T02:00:45Z,
kekingcn/spring-boot-klock-starter,0,2,2,0,8,8,False,16,535,138,138,52,1,41.456573,39,2018-01-02T03:30:56Z,
kennyk65/Microservices-With-Spring-Student-Files,0,0,0,0,3,3,True,65,1287,225,225,641,6,54.94481,468,2015-04-06T16:36:21Z,
khoubyari/spring-boot-rest-example,0,1,1,0,1,1,True,14,412,387,387,394,0,56.19282,64,2014-10-05T21:59:40Z,
kiegroup/droolsjbpm-integration,2,11,13,6,44,50,True,1129,90902,155,155,395,14,44.84078,52231,2011-02-14T14:02:11Z,
kingschan1204/istock,0,3,3,0,5,5,True,52,3547,120,120,37,3,19.055414,1235,2017-03-09T09:20:33Z,
kingschan1204/jblog,6,0,6,20,0,20,False,252,22259,153,153,85,10,21.882061,44967,2017-02-17T08:01:34Z,
kingston-csj/im,2,0,2,16,0,16,False,66,2331,145,145,71,1,36.808643,290,2016-06-12T08:32:29Z,
kolorobot/spring-boot-thymeleaf,0,2,2,0,2,2,True,7,227,236,236,213,3,51.139454,175,2014-04-13T13:51:07Z,
kolorobot/spring-mvc-quickstart-archetype,0,5,5,0,16,16,True,22,729,992,992,483,15,59.69574,1168,2012-01-07T21:53:23Z,
kousen/Spring-Framework-Essentials,1,5,6,5,17,22,True,28,814,103,103,120,3,45.57555,261,2016-02-04T23:38:45Z,
L316476844/springbootexample,1,4,5,1,24,25,True,42,1374,293,293,174,4,57.20389,101,2017-05-14T08:52:20Z,
lcw2004/one,0,11,11,0,40,40,True,446,22329,350,350,158,9,24.443844,10158,2016-07-25T04:39:01Z,
leanstacks/spring-boot-fundamentals,0,0,0,0,0,0,True,21,820,105,105,122,0,45.81787,132,2015-10-05T11:25:42Z,
LearningByExample/reactive-ms-example,0,1,1,0,5,5,True,24,648,139,139,55,0,34.834923,687,2017-03-28T00:29:11Z,
learnk8s/spring-boot-k8s-hpa,0,1,1,0,5,5,False,5,203,104,104,34,1,34.22225,53,2018-05-17T18:04:55Z,
leechenxiang/imooc-springboot-starter,0,0,0,0,0,0,True,50,2286,434,434,355,3,55.723717,97,2017-11-29T13:08:01Z,
leecho/cola-cloud,0,16,16,0,32,32,True,337,12252,115,115,66,2,9.509502,3775,2018-04-03T02:40:19Z,
leiguorui/Netty-SpringMVC,0,0,0,0,0,0,False,5,225,106,106,64,3,50.94994,21,2015-03-16T08:27:17Z,
lexburner/oauth2-demo,0,4,4,0,13,13,True,17,573,447,447,248,11,44.547707,79,2017-08-08T07:05:01Z,
lianggzone/springboot-action,0,11,11,0,21,21,True,88,1970,595,595,221,1,57.08557,87,2016-12-31T10:30:31Z,
liaoinstan/SpringView,0,0,0,0,0,0,False,43,3600,1637,1637,324,70,73.44428,23594,2016-03-28T09:07:07Z,
liaokailin/springcloud,0,1,1,0,7,7,True,23,659,172,172,165,4,55.202724,3750,2016-04-28T12:29:09Z,
lihengming/spring-boot-api-project-seed,0,1,1,0,2,2,True,11,383,3935,3935,1741,63,67.53649,77,2017-06-23T10:06:30Z,
line/line-bot-sdk-java,0,1,1,0,5,5,True,170,4997,353,353,646,15,42.679745,4850,2016-04-12T12:32:40Z,
linlinjava/litemall,0,7,7,0,17,17,True,250,47353,3069,3069,983,15,32.6174,19513,2018-03-22T16:42:30Z,
linux-china/spring-boot-dubbo,0,3,3,0,11,11,True,26,814,282,282,166,4,51.93287,167,2015-10-19T11:15:59Z,
liqianggh/blog,2,0,2,10,0,10,True,51,2643,100,100,30,3,25.420456,49469,2018-01-18T19:19:17Z,
liuht777/Taroco,0,15,15,0,48,48,True,204,7292,137,137,63,4,12.852782,3761,2018-07-23T00:12:38Z,
LiuJishuai/ssm,2,0,2,9,0,9,False,28,1006,318,318,238,9,35.877834,784,2015-09-21T10:29:53Z,
liunian1004/vua,11,0,11,47,0,47,True,101,8897,248,248,27,2,8.461792,2029,2017-06-06T07:05:06Z,
livelessons-spring/building-microservices,0,9,9,0,49,49,True,174,4393,473,473,427,15,58.94365,750,2015-05-07T17:44:02Z,
liyifeng1994/ssm,3,0,3,5,0,5,False,13,372,3776,3776,1915,20,60.587364,12370,2016-06-18T17:58:56Z,
LogNet/grpc-spring-boot-starter,0,0,0,0,5,5,True,17,2735,876,876,206,11,54.316273,357,2016-01-28T09:39:21Z,
longfeizheng/springboot2.0-oauth2,0,2,2,0,6,6,True,14,390,133,133,57,3,49.626987,25,2018-04-28T03:41:41Z,
longfeizheng/sso-merryyou,0,3,3,0,6,6,True,9,238,129,129,83,0,29.948029,2985,2017-12-26T08:31:50Z,
loopeer/SpringHeader,0,0,0,0,0,0,False,12,1154,178,178,22,1,46.634995,1333,2016-03-03T09:21:00Z,
lord-of-code/loc-framework,0,13,13,0,39,39,True,117,3733,200,200,62,3,11.659043,437,2017-11-15T12:24:13Z,
Lovelcp/spring-boot-mybatis-with-redis,0,0,0,0,0,0,True,7,204,,,,,,,,
Lovnx/micro-service,0,3,3,0,14,14,True,40,1415,257,257,194,0,42.28594,72,2017-10-17T02:36:30Z,
lrwinx/shop,0,1,1,0,2,2,True,34,586,208,208,81,0,28.243202,240,2018-01-08T02:21:10Z,
ltsopensource/light-task-scheduler,3,1,4,15,1,16,True,763,46543,2068,2068,885,96,46.729504,99961,2014-10-24T12:53:14Z,
lusccc/SpringFloatingActionMenu,0,0,0,0,0,0,False,11,1222,336,336,61,15,54.36876,4278,2016-03-08T07:02:00Z,
luxiaoxun/NettyRpc,1,0,1,4,0,4,False,20,1144,946,946,617,8,58.247875,64,2016-03-13T05:24:45Z,
lvhao/schedule-job,0,7,7,0,13,13,True,47,3425,196,196,109,0,31.628714,2194,2016-06-03T10:55:36Z,
lxy-go/SpringBoot,1,9,10,1,19,20,True,91,1698,136,136,64,0,53.632553,39606,2018-05-15T11:01:39Z,
mafly/SpringDemo,2,0,2,30,0,30,False,27,1361,161,161,186,0,62.098442,27299,2016-08-22T08:31:04Z,
maihaoche/rocketmq-spring-boot-starter,0,1,1,0,1,1,False,30,1353,150,150,75,9,45.23988,101,2017-07-03T16:00:49Z,
Mandelo/ssm_shiro_blog,2,0,2,10,0,10,False,40,1122,121,121,76,2,29.364006,11327,2017-03-22T13:42:01Z,
marcosbarbero/spring-cloud-zuul-ratelimit,0,3,3,0,21,21,True,41,1583,587,587,217,11,53.48072,677,2016-04-14T17:49:19Z,
martin-wong/iCloud,2,0,2,6,0,6,False,22,1123,179,179,130,2,45.402935,12857,2017-02-22T07:27:54Z,
mechero/full-reactive-stack,0,0,0,0,0,0,True,8,196,112,112,46,1,33.424393,952,2017-10-29T14:54:35Z,
megagao/production_ssm,3,0,3,24,0,24,False,226,28797,584,584,364,10,38.3806,6790,2016-09-14T07:36:31Z,
merapar/graphql-spring-boot-starter,0,0,0,0,0,0,True,22,774,158,158,32,10,40.239815,78,2016-11-24T20:57:17Z,
mercyblitz/thinking-in-spring-boot-samples,7,10,17,8,54,62,True,192,4592,371,371,55,1,42.419987,335,2018-11-22T13:34:21Z,
michaellavelle/spring-data-dynamodb,0,0,0,0,0,0,False,78,3887,122,122,147,36,47.260937,343,2013-09-03T21:09:32Z,
Microsoft/azure-spring-boot,0,9,9,0,19,19,True,83,3469,141,141,169,48,48.51792,2084,2017-06-08T02:36:34Z,
mission008/B2CWeb,2,0,2,34,0,34,True,35,1796,386,386,337,4,3.3528056,28608,2014-09-02T07:24:23Z,
mitreid-connect/OpenID-Connect-Java-Spring-Server,12,0,12,49,0,49,False,262,23753,836,836,553,188,53.58054,15009,2011-10-31T16:39:24Z,
mploed/ddd-strategic-design-spring-boot,0,6,6,0,14,14,True,50,1497,197,197,84,7,43.369236,370,2016-09-07T14:17:44Z,
mploed/event-driven-spring-boot,0,0,0,0,3,3,True,74,2328,133,133,53,1,41.624207,419,2017-05-18T12:10:05Z,
murraco/spring-boot-jwt,0,2,2,0,4,4,True,16,597,142,142,75,1,49.663,32,2017-10-12T02:28:48Z,
mybatis/jpetstore-6,1,0,1,14,0,14,False,25,1504,398,398,455,5,38.86471,2167,2013-02-10T11:13:55Z,
mybatis/mybatis-dynamic-sql,0,0,0,0,0,0,False,165,5923,198,198,67,3,36.510017,6133,2016-11-11T15:22:00Z,
mybatis/spring-boot-starter,0,0,0,0,2,2,True,13,520,2200,2200,985,12,68.16234,3742,2015-09-25T13:05:15Z,
MyHerux/drools-springboot,0,1,1,0,3,3,True,26,898,175,175,118,0,49.8523,63,2017-01-06T03:07:56Z,
nacos-group/nacos-spring-boot-project,0,4,4,0,9,9,True,18,661,137,137,30,1,38.2224,90,2018-08-14T11:41:39Z,
nacos-group/nacos-spring-project,0,2,2,0,4,4,True,65,3579,365,365,73,3,45.98092,787,2018-07-26T02:30:01Z,
naturalprogrammer/spring-lemon,0,6,6,0,44,44,True,111,4860,263,263,86,9,48.987114,1350,2015-04-22T05:15:02Z,
neo4j-examples/movies-java-spring-data-neo4j,0,0,0,0,0,0,True,8,241,191,191,153,10,46.134148,91,2015-10-06T08:15:18Z,
Nepxion/Discovery,0,30,30,0,83,83,True,244,11230,612,612,210,2,14.339016,12493,2018-06-21T16:16:49Z,
Nepxion/Thunder,19,0,19,43,1,44,True,330,21479,155,155,64,0,20.257586,14056,2015-12-18T01:24:44Z,
netgloo/spring-boot-samples,0,2,2,0,7,7,True,43,1228,1189,1189,1794,6,70.08617,139,2014-05-22T19:05:50Z,
nielsutrecht/jwt-angular-spring,0,1,1,0,1,1,True,4,119,355,355,203,0,52.066914,545,2015-01-21T19:19:38Z,
Nirman-Rathod/Spring,16,0,16,103,0,103,False,28,1262,139,139,146,0,87.739334,1200,2013-10-28T13:46:47Z,
ni-ze/ssm-BookAppointment,3,0,3,5,0,5,False,15,459,396,396,148,6,29.426733,215,2017-10-09T11:57:26Z,
nnngu/nguSeckill,3,0,3,6,0,6,False,15,626,172,172,81,0,38.009716,334,2018-01-27T01:50:47Z,
nonocast/todolist,0,3,3,0,10,10,True,47,2406,166,166,72,1,29.701529,1540,2016-06-23T10:51:10Z,
nosqlcoco/springboot-netty-protobuf,0,1,1,0,6,6,True,13,1410,102,102,47,0,40.179447,27,2017-03-11T04:34:18Z,
nosqlcoco/springboot-weapp-demo,0,4,4,0,10,10,True,37,1524,166,166,98,0,45.613686,62,2016-10-15T04:14:02Z,
nurkiewicz/spring-data-jdbc-repository,0,0,0,0,0,0,False,12,585,257,257,138,12,48.921444,493,2012-11-25T18:30:02Z,
nydiarra/springboot-jwt,0,3,3,0,9,9,True,16,467,308,308,211,9,55.017704,77,2017-05-05T20:38:26Z,
odrotbohm/repositories-deepdive,0,0,0,0,0,0,True,11,266,156,156,77,2,29.930372,341,2012-10-11T11:04:16Z,
odrotbohm/rest-microservices,0,0,0,0,3,3,True,11,273,168,168,104,3,43.472054,882,2014-03-21T07:49:14Z,
odrotbohm/sos,0,6,6,0,15,15,True,95,2156,152,152,32,2,36.71662,1132,2017-09-13T20:17:45Z,
odrotbohm/spring-restbucks,0,1,1,0,3,3,True,32,820,762,762,293,13,59.30578,608,2012-10-29T14:37:05Z,
oembedler/graphql-spring-boot,0,2,2,0,8,8,True,21,935,131,131,139,10,47.207916,228,2016-03-21T20:21:28Z,
oembedler/spring-graphql-common,0,0,0,0,0,0,False,53,2690,108,108,22,10,39.40224,142,2016-03-20T20:14:55Z,
ogcs/Okra,4,0,4,11,0,11,True,146,8530,119,119,63,6,40.544704,588,2015-10-22T07:14:46Z,
opentracing-contrib/java-spring-cloud,0,8,8,0,13,13,False,36,1302,110,110,51,24,46.244232,473,2017-07-11T14:56:50Z,
openzipkin/brave-webmvc-example,4,2,6,25,14,39,False,12,330,102,102,72,2,28.895462,133,2013-04-14T14:51:32Z,
OptionalDay/spring-cloud-vue,0,4,4,0,5,5,True,60,3377,547,547,278,9,55.020275,1752,2017-05-02T09:40:08Z,
orientechnologies/spring-data-orientdb,0,3,3,0,15,15,True,84,3439,115,115,88,19,44.31609,294,2012-10-09T09:01:27Z,
Ouyangan/hunt-admin,4,1,5,26,1,27,False,77,5696,236,236,140,0,18.328691,961,2016-11-15T11:36:59Z,
OUYANGSIHAI/sihai-maven-ssm-alipay,4,0,4,7,0,7,False,54,4367,162,162,87,5,9.672213,112,2018-06-21T07:20:46Z,
ozimov/spring-boot-email-tools,0,3,3,0,5,5,True,49,2734,129,129,72,10,43.255264,784,2015-10-20T06:33:43Z,
paascloud/paascloud-master,0,19,19,0,53,53,True,697,24941,2876,2876,1277,35,18.408459,9794,2018-03-17T05:40:43Z,
pac4j/spring-security-pac4j,0,0,0,0,0,0,False,10,507,184,184,64,0,41.604225,303,2012-05-20T14:05:43Z,
PacktPublishing/Learning-Spring-Boot-2.0-Second-Edition,0,18,18,0,104,104,True,164,5440,101,101,62,3,37.359314,4838,2017-11-01T08:08:26Z,
PacktPublishing/Spring-Microservices,0,1,1,0,4,4,True,96,4004,170,170,168,1,51.702293,292,2016-06-10T02:18:11Z,
pagehelper/pagehelper-spring-boot,0,1,1,0,1,1,True,10,316,561,561,129,33,55.543713,76,2017-01-01T15:04:19Z,
paulc4/microservices-demo,0,1,1,0,5,5,True,15,520,620,620,597,15,49.606205,1145,2015-07-02T17:29:29Z,
paypal/resteasy-spring-boot,0,1,1,0,4,4,True,12,497,170,170,94,9,49.838146,233,2015-12-10T22:08:10Z,
peholmst/vaadin4spring,0,10,10,0,49,49,True,173,6177,280,280,146,50,61.3238,1963,2014-01-29T08:11:11Z,
Percy0601/boot-dubbo,2,1,3,2,2,4,True,39,469,346,346,254,4,58.384853,62,2015-05-27T11:22:09Z,
philipsorst/angular-rest-springsecurity,1,0,1,13,0,13,True,23,794,643,643,409,8,57.62912,908,2013-02-13T16:03:58Z,
philwebb/testing-spring-boot-applications,0,0,0,0,0,0,True,13,278,136,136,85,0,44.39451,40,2016-05-10T06:22:58Z,
phoenixnap/springmvc-raml-plugin,0,0,0,0,0,0,False,120,6851,120,120,70,41,42.836346,2015,2015-12-03T15:52:22Z,
pig4cloud/pig,0,12,12,0,29,29,True,180,5934,607,607,199,0,14.275766,13940,2018-03-23T03:24:48Z,
piomin/sample-spring-microservices,0,2,2,0,3,3,True,16,310,212,212,274,6,52.512527,77,2017-02-03T09:25:56Z,
piomin/sample-spring-microservices-new,0,1,1,0,7,7,True,23,742,180,180,121,1,48.520756,109,2018-04-18T11:23:26Z,
pires/spring-boot-shiro-orientdb,0,1,1,0,8,8,True,15,570,103,103,67,0,42.221695,231,2014-11-02T23:55:51Z,
Pivotal-Open-Source-Hub/StockInference-Spark,0,0,0,0,0,0,True,9,486,367,367,203,4,35.33668,64654,2015-08-06T17:10:17Z,
pkainulainen/spring-data-jpa-examples,16,19,35,84,83,167,True,123,6977,494,494,623,2,59.398247,587,2013-05-25T19:30:21Z,
pkainulainen/spring-mvc-test-examples,23,19,42,78,45,123,True,65,4454,289,289,431,3,55.834824,486,2013-05-16T14:01:24Z,
pkainulainen/spring-social-examples,6,6,12,16,12,28,True,37,2050,161,161,294,5,51.991604,804,2013-08-22T14:31:20Z,
politrons/reactive,0,0,0,0,0,0,False,1,3,153,153,27,0,22.367598,1075,2015-09-08T06:11:22Z,
ppdai-incubator/raptor,0,5,5,0,12,12,True,153,10442,113,113,26,8,31.43128,23351,2018-04-16T08:43:38Z,
priyatam/spring-best-practices,2,0,2,22,0,22,True,32,2517,173,173,103,2,47.787777,409,2012-12-12T18:15:23Z,
prontera/spring-cloud-rest-tcc,0,14,14,0,35,35,True,181,5411,1980,1980,983,15,65.60751,4377,2015-12-04T06:20:38Z,
q7322068/rest-base,0,3,3,0,17,17,True,81,3999,130,130,72,0,9.347549,81,2017-09-30T08:13:08Z,
qalingo/qalingo-engine,31,1,32,108,1,109,True,936,103334,279,279,188,1,24.90788,17233,2012-10-28T09:21:59Z,
Qkyrie/spring-boot-netflix-example,0,0,0,0,0,0,True,2,28,198,198,74,2,44.37687,43,2016-03-11T12:54:11Z,
ragnor/simple-spring-memcached,3,0,3,33,16,49,True,123,5606,174,174,82,3,44.86213,3400,2014-02-07T10:33:57Z,
rajithd/spring-boot-oauth2,0,3,3,0,4,4,True,16,487,183,183,157,9,48.678143,0,2015-10-16T09:17:43Z,
ralscha/extdirectspring,0,0,0,0,0,0,False,62,5113,111,111,56,1,34.721107,6742,2012-07-09T17:51:06Z,
Raysmond/SpringBlog,0,3,3,0,5,5,True,46,1539,1393,1393,692,17,78.26733,12537,2015-09-26T15:58:47Z,
redisson/redisson,0,4,4,4,7,11,False,889,78225,7228,7228,1883,238,26.28499,10572,2014-01-11T14:06:25Z,
reficio/soap-ws,2,0,2,19,0,19,False,68,6570,230,230,119,48,32.301632,1867,2012-06-11T08:20:39Z,
resthub/resthub-spring-stack,5,0,5,26,0,26,True,68,2570,121,121,64,15,46.809216,12892,2011-05-18T17:19:02Z,
resthub/springmvc-router,0,1,1,0,2,2,False,14,1226,167,167,57,9,44.88995,665,2011-06-14T20:48:49Z,
rhwayfun/spring-boot-learning-examples,1,7,8,4,13,17,True,62,3782,706,706,257,1,55.028133,345,2017-03-28T00:50:20Z,
rohitghatol/spring-boot-microservices,0,2,2,0,4,4,True,25,1012,1400,1400,755,12,63.143272,5727,2015-04-06T18:09:38Z,
roncoo/roncoo-adminlte-springmvc,7,0,7,26,0,26,True,105,10524,122,122,101,1,45.08257,10447,2016-10-11T09:28:33Z,
roncoo/roncoo-jui-springboot,0,2,2,0,2,2,True,126,11115,114,114,88,0,44.03091,2808,2016-11-21T13:32:51Z,
roncoo/spring-boot-demo,3,26,29,6,26,32,True,93,2793,1370,1370,811,0,63.334805,230,2016-08-22T02:54:02Z,
roncoo/spring-cloud-demo,0,38,38,0,72,72,True,62,1249,136,136,81,1,43.994366,69,2017-11-24T07:23:10Z,
roskenet/springboot-javafx-support,0,0,0,0,0,0,False,9,626,214,214,65,25,43.976185,319,2015-12-27T08:39:32Z,
royclarkson/spring-rest-service-oauth,0,2,2,0,2,2,True,12,356,645,645,382,21,57.15561,1012,2014-01-09T23:13:08Z,
rstoyanchev/spring-mvc-chat,0,1,1,0,3,3,True,5,153,166,166,157,6,48.52636,285,2012-04-19T01:48:41Z,
rstoyanchev/spring-websocket-portfolio,0,0,0,0,0,0,True,16,524,580,580,395,18,57.1336,880,2013-07-11T12:51:31Z,
rstoyanchev/spring-websocket-test,0,1,1,0,3,3,False,14,452,159,159,138,2,47.544243,130,2013-04-02T15:58:27Z,
ryantenney/metrics-spring,0,2,2,0,11,11,False,53,2635,654,654,225,58,59.46676,1243,2012-06-06T17:54:01Z,
rybalkinsd/atom,0,0,0,0,0,0,True,120,2984,198,198,584,63,24.557405,62668,2016-09-19T20:31:49Z,
saintdan/spring-microservices-boilerplate,0,5,5,0,8,8,True,126,4508,509,509,268,0,54.356697,3852,2015-06-24T08:45:51Z,
Saka7/spring-boot-angular4-boilerplate,0,2,2,0,5,5,True,22,725,145,145,79,1,42.200935,182,2017-02-04T18:02:06Z,
SalmanZach/Springy_Facebook_Rebound,0,0,0,0,0,0,False,12,628,117,117,33,0,38.5805,436,2017-07-03T18:56:03Z,
saturnism/istio-by-example-java,0,1,1,0,4,4,True,15,402,146,146,52,2,30.414211,181,2017-06-18T02:38:18Z,
saturnism/spring-boot-docker,0,2,2,0,8,8,True,15,400,117,117,83,0,43.804882,142,2015-04-30T21:29:10Z,
savicprvoslav/Spring-Boot-starter,0,3,3,0,4,4,True,40,956,100,100,49,1,40.31442,42,2016-10-09T10:12:49Z,
saysky/ForestBlog,4,0,4,32,0,32,False,83,3518,487,487,250,1,36.814457,49058,2017-10-08T15:27:47Z,
sbrannen/spring-test-junit5,0,0,0,0,0,0,False,,,104,104,37,0,38.88228,432,2015-11-21T17:28:46Z,
ScaCap/spring-auto-restdocs,0,5,5,0,6,6,True,102,4608,168,168,48,16,41.493107,2459,2015-12-23T16:38:34Z,
ScienJus/spring-authorization-manager,0,0,0,0,0,0,False,10,363,323,323,172,5,50.605537,119,2015-10-27T02:02:13Z,
ScienJus/spring-restful-authorization,0,1,1,0,1,1,True,16,402,711,711,392,6,57.636192,1105,2015-07-31T10:14:34Z,
sdeleuze/spring-react-isomorphic,0,0,0,0,3,3,True,5,177,109,109,33,5,39.36177,86,2015-04-21T19:08:23Z,
sdeleuze/spring-reactive-playground,0,1,1,0,5,5,True,12,393,138,138,58,3,48.05173,160,2015-10-09T09:02:22Z,
seaswalker/Spring,2,2,4,3,2,5,False,27,454,1943,1943,918,0,119.99548,4859,2016-09-09T07:46:32Z,
sebastienblanc/spring-boot-keycloak-tutorial,0,0,0,0,0,0,True,1,28,112,112,50,5,40.725876,15,2017-05-24T13:23:08Z,
ShawnyXiao/SpringBoot-MyBatis,0,1,1,0,2,2,True,35,764,298,298,149,2,60.205082,167,2016-11-25T11:49:31Z,
shimh-develop/blog-vue-springboot,0,4,4,0,14,14,True,69,2937,100,100,44,6,39.80391,16651,2018-01-03T07:14:58Z,
shuaicj/zuul-auth-example,0,0,0,0,2,2,True,9,254,107,107,61,0,34.87526,22,2017-10-18T06:21:56Z,
shuaiweili/Dubbo-Zookeeper-Netty-SpringMVC,1,0,1,1,0,1,False,7,221,211,211,185,0,59.0052,163,2015-05-11T10:17:17Z,
shuzheng/zheng,60,0,60,195,0,195,True,374,30220,12118,12118,5993,27,28.893864,41216,2016-10-04T10:07:06Z,
shuzheng/zheng-springboot-demo,0,3,3,0,8,8,True,42,912,199,199,113,0,46.90767,119,2016-11-23T04:52:30Z,
slyak/spring-data-jpa-extra,0,0,0,0,0,0,False,37,2030,247,247,74,19,45.24925,918,2016-03-11T08:09:55Z,
smallsnail-wh/wh-server,0,2,2,0,4,4,True,32,1283,168,168,117,8,22.84372,2873,2017-11-24T10:28:55Z,
Smith-Cruise/Spring-Boot-Shiro,0,1,1,0,5,5,True,13,443,671,671,237,1,54.51233,31,2017-10-23T13:03:15Z,
Snailclimb/JavaGuide,0,0,0,0,0,0,False,7,420,16369,16369,4614,11,35.364594,1166,2018-05-07T13:27:00Z,
Snailclimb/springboot-integration-examples,0,2,2,0,8,8,True,29,651,116,116,39,1,39.547794,1258,2018-11-28T01:05:07Z,
snailxr/quartz-spring_demo,2,0,2,9,0,9,False,10,568,122,122,123,2,46.34948,194,2014-08-08T06:19:17Z,
snicoll/spring-boot-daemon,0,0,0,0,0,0,True,6,163,157,157,46,3,41.1576,71,2015-10-07T12:04:27Z,
snicoll-demos/spring-boot-master-auto-configuration,0,1,1,0,6,6,True,7,353,102,102,58,4,39.46056,118,2015-04-13T09:19:15Z,
sofn/app-engine,10,6,16,22,10,32,True,84,3802,263,263,148,1,42.00958,426,2015-10-14T10:11:03Z,
songjhh/songjhh_blog,4,0,4,29,0,29,False,37,3333,117,117,67,0,42.117348,16500,2017-02-04T04:39:38Z,
songxinjianqwe/Chat,0,0,0,0,0,0,False,39,1614,122,122,84,2,31.825294,7875,2017-05-22T05:57:15Z,
souyunku/SpringBootExamples,0,10,10,0,37,37,True,93,3379,415,415,323,8,66.785904,1104,2017-10-30T02:44:42Z,
souyunku/SpringCloudExamples,0,0,0,0,5,5,True,29,522,105,105,93,1,53.68881,105,2017-10-26T12:49:18Z,
speedment/speedment,0,0,0,0,0,0,False,2396,119210,1562,1562,196,68,32.56477,18835,2015-01-19T16:41:52Z,
spring-cloud/spring-cloud-aws,0,14,14,0,27,27,False,175,7880,312,312,216,144,51.95182,43910,2014-10-27T14:30:09Z,
spring-cloud/spring-cloud-bus,0,2,2,0,9,9,False,25,1174,229,229,158,27,54.329628,2059,2014-08-22T20:17:27Z,
spring-cloud/spring-cloud-cli,0,1,1,0,5,5,True,38,1819,101,101,54,15,44.69374,240394,2014-07-31T19:47:54Z,
spring-cloud/spring-cloud-commons,0,21,21,0,56,56,True,161,6976,231,231,237,47,51.701603,10486,2014-12-01T21:52:43Z,
spring-cloud/spring-cloud-config,0,12,12,0,46,46,True,129,7413,1125,1125,816,104,63.098213,34854,2014-06-13T16:59:44Z,
spring-cloud/spring-cloud-connectors,0,1,1,0,1,1,False,144,4417,128,128,130,16,46.80154,2590,2013-05-07T17:15:46Z,
spring-cloud/spring-cloud-consul,0,9,9,0,32,32,False,51,3225,469,469,318,50,60.972332,73931,2014-12-01T22:56:34Z,
spring-cloud/spring-cloud-core-tests,0,2,2,0,14,14,True,39,757,115,115,107,0,45.334663,514,2015-01-23T10:54:39Z,
spring-cloud/spring-cloud-dataflow,0,16,16,0,103,103,True,433,22931,419,419,273,202,54.142277,38613,2015-07-21T20:56:11Z,
spring-cloud/spring-cloud-function,0,8,8,0,34,34,True,135,9413,433,433,131,20,49.945374,2672,2016-09-22T02:34:34Z,
spring-cloud/spring-cloud-gateway,0,7,7,0,83,83,False,143,9437,1115,1115,655,153,61.731068,4568,2016-11-16T21:42:51Z,
spring-cloud/spring-cloud-gcp,0,18,18,0,92,92,True,265,14446,225,225,133,78,48.1844,5987,2017-03-24T19:58:20Z,
spring-cloud/spring-cloud-kubernetes,0,6,6,0,24,24,True,66,3341,932,932,225,59,54.9122,1018,2016-12-13T21:36:25Z,
spring-cloud/spring-cloud-netflix,0,28,28,0,142,142,False,216,16128,2952,2952,1485,304,69.2118,14931,2014-07-11T15:46:12Z,
spring-cloud/spring-cloud-openfeign,0,10,10,0,33,33,True,46,3031,122,122,72,14,43.205284,9824,2018-02-05T21:26:12Z,
spring-cloud/spring-cloud-open-service-broker,0,5,5,0,19,19,False,132,5985,101,101,75,9,41.096657,1895,2015-12-17T23:06:57Z,
spring-cloud/spring-cloud-security,0,3,3,0,5,5,False,8,492,296,296,154,44,50.02043,2006,2014-09-23T10:47:51Z,
spring-cloud/spring-cloud-sleuth,0,23,23,0,106,106,True,171,9760,893,893,434,31,60.85967,79516,2015-03-06T20:51:47Z,
spring-cloud/spring-cloud-stream,0,14,14,0,55,55,True,186,10777,395,395,258,65,53.662,6811,2015-07-08T15:51:38Z,
spring-cloud/spring-cloud-stream-samples,0,3,3,0,22,22,True,79,3607,257,257,219,20,53.36894,503,2016-02-19T14:32:27Z,
spring-cloud/spring-cloud-task,0,12,12,0,35,35,True,107,5696,186,186,154,15,48.741177,2552,2015-09-02T20:12:00Z,
spring-cloud/spring-cloud-vault,0,10,10,0,20,20,False,55,2459,131,131,55,9,41.80626,2314,2016-02-11T00:24:55Z,
spring-cloud/spring-cloud-zookeeper,0,16,16,0,32,32,False,69,3008,314,314,248,13,58.139874,29505,2015-01-28T21:34:09Z,
SpringCloud/spring-cloud-code,0,34,34,0,95,95,True,522,11077,440,440,223,17,53.081764,1943,2018-03-07T11:57:24Z,
SpringCloud/spring-cloud-codegen,0,1,1,0,1,1,True,50,2497,146,146,58,3,42.46788,8115,2017-10-29T07:23:09Z,
SpringCloud/spring-cloud-dubbo,0,1,1,0,2,2,True,16,614,168,168,29,7,42.163242,60,2018-05-15T07:35:45Z,
SpringCloud/spring-cloud-gray,0,15,15,0,31,31,True,112,4204,199,199,73,1,44.62861,1162,2018-03-06T04:59:40Z,
spring-cloud-incubator/spring-cloud-alibaba,0,21,21,0,59,59,True,173,8190,2556,2556,526,25,62.55723,1054,2017-12-01T20:49:15Z,
spring-cloud-samples/brewery,0,6,6,0,19,19,True,62,1640,281,281,97,5,39.06327,36515,2015-12-07T14:58:06Z,
spring-cloud-samples/sample-zuul-filters,0,0,0,0,7,7,True,10,338,151,151,61,5,31.314383,64,2017-03-22T19:57:24Z,
spring-cloud-samples/springbox-cloud,0,2,2,0,2,2,True,41,1219,100,100,66,7,46.117733,497,2015-04-20T20:40:50Z,
spring-cloud-samples/spring-cloud-contract-samples,0,1,1,0,7,7,True,39,1176,128,128,177,3,48.51386,18344,2016-11-09T12:30:56Z,
spring-cloud-samples/spring-cloud-gateway-sample,0,0,0,0,4,4,True,1,69,118,118,47,3,41.936893,77,2017-10-13T16:41:13Z,
SpringDataElasticsearchDevs/spring-data-elasticsearch-sample-application,0,0,0,0,0,0,False,15,462,163,163,142,5,49.42624,360,2013-02-11T12:00:44Z,
SpringForAll/spring-boot-starter-hbase,0,0,0,0,1,1,False,8,277,164,164,86,2,45.09833,30,2017-03-20T08:05:54Z,
SpringForAll/spring-boot-starter-swagger,0,1,1,0,3,3,False,4,400,992,992,281,44,56.371082,165,2017-08-08T09:24:42Z,
SpringForAll/springcloud-thoth,0,9,9,0,21,21,True,123,5143,467,467,283,5,57.969822,345,2017-11-02T12:00:43Z,
springfox/springfox,0,12,12,0,36,36,True,455,22869,3204,3204,1008,389,75.56616,156507,2012-05-06T06:38:57Z,
springfox/springfox-demos,1,0,1,1,15,16,True,14,531,459,459,249,33,56.990498,172,2015-04-01T10:24:07Z,
springframeworkguru/spring5webapp,0,0,0,0,0,0,True,1,9,102,102,1072,12,71.09177,83,2017-05-16T00:00:24Z,
springframeworkguru/springbootwebapp,0,1,1,0,1,1,True,10,214,337,337,507,6,64.485985,1107,2015-06-11T14:27:02Z,
spring-guides/getting-started-guides,0,0,0,0,0,0,True,2,20,147,147,95,22,26.53679,381,2013-10-28T20:59:08Z,
spring-guides/gs-rest-service,0,0,0,0,0,0,True,3,39,701,701,1313,15,57.06009,906,2013-04-12T14:54:36Z,
spring-guides/gs-securing-web,0,1,1,0,1,1,True,3,61,114,114,206,3,33.25219,668,2013-05-19T09:34:23Z,
spring-guides/gs-serving-web-content,0,0,0,0,0,0,True,2,22,141,141,294,4,45.71925,367,2013-07-16T17:28:43Z,
spring-guides/gs-spring-boot,0,0,0,0,1,1,True,3,51,362,362,668,7,59.030636,477,2013-07-30T18:25:34Z,
spring-guides/gs-spring-boot-docker,0,0,0,0,0,0,True,2,25,311,311,491,15,56.645493,435,2015-04-01T08:57:10Z,
spring-guides/gs-uploading-files,0,0,0,0,1,1,True,9,292,198,198,249,13,34.97002,466,2013-04-23T21:11:14Z,
spring-guides/tut-rest,0,4,4,0,4,4,True,22,551,225,225,166,23,48.910976,365,2014-10-22T18:04:36Z,
spring-guides/tut-spring-boot-oauth2,0,3,3,0,12,12,True,7,449,473,473,413,16,54.32373,177,2015-11-24T11:29:05Z,
spring-io/initializr,0,4,4,0,15,15,True,75,5966,1064,1064,676,38,58.588528,3982,2013-06-07T16:02:22Z,
spring-io/sagan,0,13,13,0,46,46,True,252,13790,1739,1739,777,146,60.658733,25702,2013-05-08T11:36:50Z,
spring-petclinic/spring-petclinic-microservices,0,0,0,0,1,1,True,35,853,279,279,252,15,59.972034,6939,2016-11-12T14:57:30Z,
spring-projects/greenhouse,2,8,10,9,25,34,True,186,5514,1032,1032,618,10,60.352375,5461,2011-02-21T19:13:55Z,
spring-projects/rest-shell,0,0,0,0,0,0,False,27,1778,436,436,97,32,32.69505,572,2012-09-25T20:52:16Z,
spring-projects/spring-amqp,0,1,1,0,2,2,False,278,24096,445,445,377,5,59.50969,10991,2010-11-17T15:50:16Z,
spring-projects/spring-amqp-samples,7,6,13,12,42,54,True,37,1376,376,376,293,0,59.713585,450,2011-03-10T14:40:16Z,
spring-projects/spring-android,0,0,0,0,0,0,False,198,16075,690,690,266,12,58.49384,4817,2011-05-27T15:44:17Z,
spring-projects/spring-android-samples,0,1,1,0,1,1,True,89,4166,722,722,506,4,61.11534,5331,2011-05-27T17:35:18Z,
spring-projects/spring-batch,53,15,68,461,72,533,False,961,46179,1116,1116,1132,27,68.658455,88900,2010-11-17T17:53:45Z,
spring-projects/spring-batch-admin,17,2,19,106,11,117,True,114,6675,239,239,301,4,53.286358,3984,2010-11-15T17:57:12Z,
spring-projects/spring-boot,2,267,269,3,653,656,True,2468,114816,32103,32103,21977,396,107.72651,84715,2012-10-19T15:02:57Z,
spring-projects/spring-data-book,22,5,27,78,12,90,True,163,5428,855,855,805,14,62.08109,1949,2012-05-11T15:38:29Z,
spring-projects/spring-data-cassandra,0,3,3,0,14,14,False,397,20427,224,224,225,0,51.383957,8776,2011-08-10T06:16:44Z,
spring-projects/spring-data-commons,0,4,4,0,10,10,True,450,24787,381,381,364,28,55.407173,9324,2010-11-11T20:19:31Z,
spring-projects/spring-data-couchbase,2,12,14,4,39,43,False,245,14016,153,153,114,12,51.132954,2651,2013-05-31T08:53:23Z,
spring-projects/spring-data-document-examples,5,4,9,31,9,40,True,123,9362,143,143,104,5,45.7405,1585,2010-11-11T21:21:37Z,
spring-projects/spring-data-elasticsearch,0,2,2,0,5,5,False,154,10796,1504,1504,773,48,69.7121,19505,2013-04-29T14:27:38Z,
spring-projects/spring-data-envers,0,0,0,0,0,0,False,6,258,163,163,70,11,43.872208,848,2012-03-21T13:49:17Z,
spring-projects/spring-data-examples,0,11,11,2,33,35,True,6308,75424,2476,2476,1933,29,76.95363,11168,2014-01-30T15:42:43Z,
spring-projects/spring-data-jdbc,0,1,1,0,3,3,False,96,3816,187,187,73,2,48.713314,2016,2017-02-15T15:47:29Z,
spring-projects/spring-data-jpa,0,0,0,0,0,0,False,115,7438,1359,1359,758,36,63.106995,6093,2010-11-11T21:36:56Z,
spring-projects/spring-data-mongodb,0,3,3,0,13,13,False,438,37232,945,945,722,23,61.699165,16730,2011-10-13T01:06:55Z,
spring-projects/spring-data-neo4j,0,1,1,0,2,2,False,91,3731,530,530,527,0,55.767693,18292,2011-09-27T21:02:43Z,
spring-projects/spring-data-redis,0,0,0,0,0,0,False,508,51872,886,886,620,10,60.732933,12892,2011-07-01T11:57:33Z,
spring-projects/spring-data-rest,0,1,1,0,43,43,True,265,12976,607,607,413,77,57.44406,7259,2012-03-08T21:55:39Z,
spring-projects/spring-data-solr,0,1,1,0,4,4,False,215,11812,311,311,221,26,53.926456,4702,2012-09-10T11:36:42Z,
spring-projects/spring-framework,1,38,39,11,202,213,True,4087,296216,25373,25373,16165,182,105.04489,117604,2010-12-08T04:04:45Z,
spring-projects/spring-hadoop,0,17,17,0,68,68,False,717,37280,554,554,335,10,59.444077,7877,2010-12-16T16:42:11Z,
spring-projects/spring-hadoop-samples,15,2,17,83,5,88,True,49,1493,375,375,381,17,61.28789,4249,2013-08-21T17:04:52Z,
spring-projects/spring-hateoas,0,2,2,0,11,11,False,124,6668,774,774,341,222,60.157238,2894,2012-05-07T15:18:47Z,
spring-projects/spring-ide,139,1,140,497,2,499,True,3769,265349,260,260,108,94,50.26922,735879,2012-01-18T11:00:22Z,
spring-projects/spring-integration,0,3,3,0,22,22,False,1705,104820,792,792,681,15,64.732315,48227,2011-07-22T21:47:27Z,
spring-projects/spring-integration-extensions,11,0,11,33,0,33,False,236,9645,200,200,220,4,50.878136,2620,2012-06-13T16:05:52Z,
spring-projects/spring-integration-java-dsl,0,0,0,0,1,1,False,163,10309,150,150,71,0,43.8256,1260,2014-11-12T17:34:22Z,
spring-projects/spring-integration-kafka,0,0,0,0,0,0,False,23,2191,277,277,156,1,49.69352,1491,2014-11-12T17:35:29Z,
spring-projects/spring-integration-samples,58,9,67,127,87,214,True,220,7252,1478,1478,2159,16,69.36552,11642,2011-08-10T04:40:02Z,
spring-projects/spring-kafka,0,2,2,0,15,15,True,172,10750,564,564,373,23,60.173534,4057,2016-03-02T17:01:33Z,
spring-projects/spring-ldap,7,0,7,23,0,23,True,298,15262,182,182,373,82,63.946857,24076,2013-07-02T22:23:31Z,
spring-projects/spring-loaded,0,0,0,0,0,0,False,928,29502,2161,2161,417,122,64.39353,35087,2012-12-06T23:17:42Z,
spring-projects/spring-mobile,0,4,4,25,11,36,False,60,1759,150,150,111,2,48.874413,5105,2011-05-27T16:54:08Z,
spring-projects/spring-mvc-showcase,0,2,2,0,3,3,True,40,1324,4249,4249,3505,17,75.16248,665,2011-06-03T15:36:55Z,
spring-projects/spring-petclinic,0,1,1,0,1,1,True,25,731,2773,2773,5321,12,80.76671,7160,2013-01-09T09:05:18Z,
spring-projects/spring-plugin,0,0,0,0,0,0,False,20,490,203,203,62,6,46.074528,549,2012-02-20T18:06:37Z,
spring-projects/spring-restdocs,0,1,1,0,1,1,True,215,8426,797,797,462,37,62.367226,4036,2014-10-08T12:53:51Z,
spring-projects/spring-retry,0,0,0,0,0,0,False,81,3735,863,863,219,37,58.012825,567,2010-12-21T16:41:48Z,
spring-projects/spring-roo,0,1,1,10,5,15,True,956,99260,617,617,295,2,58.834755,40092,2011-08-31T21:30:19Z,
spring-projects/spring-security,21,14,35,168,68,236,True,1397,69582,3029,3029,2803,910,86.119194,33287,2012-01-10T21:50:57Z,
spring-projects/spring-security-javaconfig,1,19,20,3,67,70,True,135,7103,155,155,118,4,46.75306,3474,2013-03-04T23:00:33Z,
spring-projects/spring-security-oauth,2,20,22,19,110,129,True,447,26673,3163,3163,3056,632,73.4947,6061,2011-07-26T18:08:49Z,
spring-projects/spring-security-oauth2-boot,0,8,8,0,31,31,True,43,2380,111,111,31,1,36.364567,314,2017-12-12T22:55:29Z,
spring-projects/spring-security-saml,2,0,2,107,0,107,True,101,8547,280,280,389,105,55.059765,5623,2012-01-10T23:05:35Z,
spring-projects/spring-session,2,40,42,5,89,94,True,184,10736,1260,1260,711,173,74.11127,20154,2014-06-20T21:16:58Z,
spring-projects/spring-shell,0,7,7,0,33,33,True,114,4625,363,363,253,46,58.327694,5912,2012-02-16T02:29:58Z,
spring-projects/spring-social,1,2,3,1,8,9,False,154,6171,531,531,323,84,58.80888,9217,2011-02-28T14:12:36Z,
spring-projects/spring-social-facebook,0,1,1,0,2,2,False,214,8526,224,224,253,76,52.101025,9337,2011-05-18T21:27:43Z,
spring-projects/spring-social-samples,13,26,39,40,83,123,True,153,4259,496,496,815,57,63.064003,1011,2011-02-28T14:25:04Z,
spring-projects/spring-social-twitter,0,1,1,2,2,4,False,136,5623,105,105,109,50,45.326336,6494,2011-05-18T20:55:01Z,
spring-projects/spring-statemachine,0,20,20,0,83,83,True,417,21635,563,563,261,116,57.830456,14556,2015-02-04T17:15:36Z,
spring-projects/spring-sync,0,1,1,0,3,3,False,53,1991,105,105,40,17,41.503086,1327,2014-07-29T15:12:54Z,
spring-projects/spring-webflow,3,2,5,14,9,23,False,519,23722,221,221,172,1,54.62528,22121,2011-12-27T23:27:14Z,
spring-projects/spring-ws,0,2,2,0,9,9,False,462,25546,175,175,215,9,55.599075,20196,2013-01-30T12:50:51Z,
spring-projects/spring-xd,64,14,78,250,51,301,True,1015,56801,462,462,303,62,58.248672,28778,2013-04-10T15:31:44Z,
spring-projects/spring-xd-samples,18,5,23,31,17,48,True,71,2514,189,189,229,18,51.134747,31515,2013-08-12T02:38:43Z,
spring-projects/sts4,0,3,3,0,42,42,True,708,53644,156,156,39,25,34.427708,53399,2016-08-16T15:04:50Z,
springside/springside4,0,1,1,0,2,2,True,125,8691,5494,5494,3073,71,93.56516,4837,2012-02-23T08:39:03Z,
spring-social/spring-social-google,0,1,1,0,2,2,False,178,5284,194,194,159,24,49.166195,2042,2011-08-09T06:25:33Z,
springtestdbunit/spring-test-dbunit,0,0,0,0,0,0,False,34,1350,374,374,203,50,52.165085,3451,2010-12-12T18:24:31Z,
sqmax/springboot-project,0,0,0,0,7,7,True,74,2041,209,209,104,2,49.443794,251,2018-04-07T15:09:05Z,
sqshq/PiggyMetrics,0,6,6,0,11,11,True,72,1927,4627,4627,2540,7,83.56196,1489,2015-03-29T17:56:31Z,
steveonjava/JavaFX-Spring,0,4,4,0,16,16,True,28,979,127,127,77,4,43.38683,210,2012-08-28T00:18:10Z,
stormpath/spring-mvc-rest-exhandler,1,0,1,9,0,9,False,11,783,189,189,130,1,49.2726,35,2012-04-24T22:35:11Z,
stormpath/stormpath-sdk-java,0,19,19,0,259,259,True,1463,55301,217,217,161,155,29.060253,26808,2012-04-03T01:22:09Z,
stunstunstun/awesome-spring-boot,0,2,2,0,6,6,True,32,943,178,178,60,3,43.07575,10324,2015-07-08T09:35:46Z,
sunnykaka/mysteam,0,0,0,0,17,17,True,173,5731,158,158,104,0,22.254278,473,2016-03-31T05:41:18Z,
svlada/springboot-security-jwt,0,3,3,0,3,3,True,41,1077,529,529,325,7,55.90703,93,2016-08-03T08:54:30Z,
Swagger2Markup/spring-swagger2markup-demo,0,0,0,0,2,2,True,15,656,233,233,131,5,47.51403,365,2015-02-16T09:42:50Z,
szerhusenBC/jwt-spring-security-demo,0,1,1,0,2,2,True,20,756,1828,1828,917,20,64.9371,244,2016-03-20T19:16:17Z,
tang-jie/NettyRPC,1,1,2,14,4,18,True,186,6401,793,793,377,23,48.67142,2566,2016-07-28T14:56:15Z,
tangyanbo/springmore,1,0,1,1,0,1,False,131,8087,143,143,159,0,54.47548,7851,2015-06-10T07:08:32Z,
T-baby/MongoDB-Plugin,0,0,0,0,0,0,False,23,1528,230,230,91,23,33.675846,150,2016-02-15T07:34:38Z,
teaey/spring-boot-starter-dubbo,0,1,1,0,8,8,False,4,232,132,132,472,62,56.31469,33,2016-07-07T08:36:18Z,
technical-rex/spring-security-jwt,0,2,2,0,5,5,False,16,485,119,119,50,1,40.733067,31,2015-07-18T12:33:44Z,
theborakompanioni/thymeleaf-extras-shiro,0,0,0,0,0,0,False,29,1224,209,209,66,4,41.54474,149,2013-01-23T20:09:16Z,
ThoreauZZ/spring-cloud-example,0,3,3,0,8,8,True,120,3741,107,107,79,1,43.255524,3246,2017-01-11T02:39:43Z,
timebusker/spring-boot,0,17,17,0,46,46,True,196,5860,651,651,331,1,59.59726,12136,2017-04-13T11:54:57Z,
tkaczmarzyk/specification-arg-resolver,0,0,0,0,0,0,False,58,2031,160,160,50,15,41.08031,420,2014-03-23T09:04:58Z,
ToDou/appbarlayout-spring-behavior,0,0,0,0,0,0,False,12,2162,969,969,141,28,52.398552,83775,2016-10-13T11:06:05Z,
Treeptik/cloudunit,1,6,7,1,27,28,True,321,21116,116,116,46,1,23.56593,198951,2015-07-23T13:53:32Z,
ttrelle/spring-data-examples,2,0,2,2,0,2,True,30,1023,158,158,143,0,47.736385,263,2011-12-23T10:11:17Z,
ulisesbocchio/jasypt-spring-boot,0,4,4,0,9,9,True,49,1865,644,644,156,5,53.765797,299,2015-05-27T14:00:55Z,
uncodecn/uncode-dal-all,1,0,1,2,0,2,False,80,8127,129,129,108,1,9.824517,141,2014-12-18T09:45:34Z,
Unicon/cas-client-autoconfig-support,0,1,1,0,4,4,False,5,313,102,102,46,1,29.372831,257,2015-04-17T19:56:56Z,
uptop/JavaWebSocket,1,0,1,1,0,1,False,2,79,227,227,78,1,49.760296,6,2017-06-12T07:33:34Z,
ushelp/EasyEE,30,12,42,336,24,360,True,278,18889,204,204,119,3,18.197824,127085,2015-09-30T08:38:06Z,
v5developer/maven-framework-project,76,10,86,484,24,508,True,741,32833,420,420,274,1,55.77937,449102,2014-07-01T04:47:03Z,
vaadin/spring,0,3,3,0,7,7,False,22,1154,119,119,82,94,80.49824,755,2015-02-04T11:11:27Z,
vakinge/jeesuite-libs,0,5,5,0,8,8,False,307,21662,305,305,165,2,10.811239,2513,2016-07-03T05:38:18Z,
vangao1989/cloudE,0,6,6,0,12,12,True,26,1477,321,321,189,1,48.826645,1157,2017-07-24T02:58:48Z,
VanRoy/spring-data-jest,0,3,3,0,9,9,True,29,2918,133,133,55,12,43.286316,6296,2016-06-23T14:25:14Z,
vdenotaris/spring-boot-security-saml-sample,0,1,1,0,45,45,True,8,567,278,278,185,7,48.536423,1317,2014-07-19T16:26:10Z,
vector4wang/spring-boot-quick,0,11,11,0,73,73,True,244,9219,532,532,311,1,55.489082,4343,2017-03-13T12:32:30Z,
virgo47/restful-spring-security,1,0,1,7,0,7,True,18,602,230,230,114,1,47.416508,377,2014-07-15T13:26:55Z,
vito16/shop,0,1,1,0,4,4,True,67,3718,276,276,150,7,33.664207,3936,2014-06-13T02:46:21Z,
vonzhou/SpringInAction3,55,1,56,208,4,212,True,220,5001,168,168,74,2,53.439365,57933,2016-03-30T13:02:51Z,
wacai/spring-boot-starter-dubbo,0,1,1,0,1,1,False,2,42,162,162,65,0,43.2575,127,2015-08-31T04:08:56Z,
WAng91An/ManagementSystem,2,0,2,6,0,6,False,13,1036,216,216,114,1,45.04524,15378,2018-01-09T01:58:29Z,
wanghongfei/spring-security-oauth2-example,0,1,1,0,3,3,True,5,134,275,275,162,2,47.685513,12,2016-09-28T06:24:16Z,
wangl1989/mysiteforme,0,6,6,0,23,23,True,155,10924,194,194,90,0,7.5206575,6527,2018-02-05T11:25:43Z,
wanliyang1990/AppServiceRestFul,10,0,10,43,0,43,False,90,4862,140,140,41,0,15.323,28080,2017-10-12T01:44:38Z,
watchdog-framework/watchdog-framework,0,6,6,0,19,19,True,78,2577,151,151,73,0,18.753883,6676,2018-04-13T06:37:37Z,
web3j/web3j-spring-boot-starter,0,1,1,0,3,3,False,3,168,100,100,44,12,41.209274,195,2017-02-19T04:25:27Z,
Wechat-Group/weixin-java-tools-springmvc,2,2,4,8,4,12,False,19,856,275,275,175,0,50.562584,116,2016-07-07T10:00:26Z,
weechang/moreco,0,3,3,0,8,8,True,137,3084,137,137,59,5,12.870901,5338,2017-10-19T13:28:39Z,
white-cat/jeeweb,7,0,7,77,0,77,False,401,25520,147,147,83,1,18.555378,6697,2017-07-06T03:47:17Z,
white-cat/jeeweb-mybatis,7,0,7,81,0,81,False,399,24664,173,173,96,5,19.171352,8909,2017-07-24T09:26:18Z,
whyalwaysmea/Spring-Security,0,5,5,0,7,7,True,71,1729,138,138,89,0,61.091637,95,2018-03-18T07:43:10Z,
william-tran/microservice-security,0,3,3,0,12,12,True,21,923,176,176,119,3,32.079807,496,2015-09-10T00:37:53Z,
withstars/Blog-System,3,1,4,6,1,7,True,24,811,119,119,55,3,47.14721,18085,2017-09-09T00:16:59Z,
withstars/Books-Management-System,2,1,3,3,1,4,True,21,1440,180,180,95,8,52.187214,7831,2017-08-27T10:51:18Z,
wizardjedi/my-spring-learning,0,0,0,0,0,0,False,,,140,140,54,0,45.97537,322,2012-10-14T16:55:44Z,
wj596/jsets-shiro-spring-boot-starter,0,1,1,0,5,5,False,63,3580,168,168,77,1,45.959312,256,2017-12-27T12:31:19Z,
wosyingjun/beauty_ssm,4,0,4,22,0,22,True,26,932,1210,1210,745,36,52.089603,74,2016-07-08T06:14:46Z,
wpcfan/spring-boot-tut,0,9,9,0,13,13,True,153,3400,433,433,181,4,51.765247,6050,2017-01-24T03:56:51Z,
wuyouzhuguli/FEBS-Security,0,10,10,0,29,29,True,183,8918,270,270,75,2,34.889072,3226,2018-09-14T09:26:53Z,
wuyouzhuguli/SpringAll,0,19,19,0,75,75,True,177,5079,1727,1727,335,1,73.64644,322,2018-05-02T02:48:44Z,
wxyyxc1992/Backend-Boilerplate,5,36,41,32,90,122,True,422,15054,347,347,93,0,44.908115,1867,2016-06-05T10:45:13Z,
wyh-spring-ecosystem-student/spring-boot-student,1,17,18,1,25,26,True,214,8881,449,449,288,7,59.91368,782,2017-05-24T08:38:38Z,
xautlx/s2jh4net,11,1,12,105,1,106,True,288,18557,168,168,141,5,28.112932,105230,2015-03-04T09:41:33Z,
xenv/S-mall-ssm,2,0,2,10,0,10,True,113,8367,101,101,43,2,23.37957,2899,2018-02-26T13:28:31Z,
xetys/spring-cloud-oauth2-example,0,3,3,0,5,5,True,8,208,138,138,94,3,42.964645,70,2016-02-01T20:33:28Z,
xiaomoinfo/SpringBootUnity,0,5,5,0,9,9,True,128,7048,637,637,346,8,68.54585,13900,2016-04-02T03:47:39Z,
xiaour/SpringBootDemo,0,0,0,0,0,0,True,45,2078,152,152,99,2,55.28775,210,2017-04-25T01:18:29Z,
xiaowei1118/java_server,0,1,1,0,7,7,True,112,8449,268,268,189,16,48.782738,3418,2015-07-20T02:15:14Z,
xkcoding/spring-boot-demo,0,12,12,0,21,21,True,188,4540,236,236,93,0,46.11195,2091,2017-11-10T06:27:29Z,
xpadro/spring-integration,10,6,16,28,47,75,True,110,2601,121,121,220,0,52.626755,870,2013-07-23T15:31:37Z,
xubinux/xbin-store,0,9,9,0,9,9,True,130,15974,1695,1695,945,8,30.335922,21949,2017-02-26T04:19:53Z,
xujeff/tianti,6,0,6,36,0,36,True,64,4534,812,812,504,23,22.787945,29269,2017-02-08T08:21:02Z,
xuminwlt/j360-boot,0,4,4,0,12,12,True,38,741,110,110,71,0,38.008026,880,2015-09-01T02:05:16Z,
xuminwlt/j360-cloud-all,0,0,0,0,2,2,True,15,443,166,166,149,2,18.135122,43,2015-09-30T03:22:29Z,
xuwujing/springBoot-study,0,13,13,0,37,37,True,176,7078,185,185,93,6,55.563465,339,2018-01-10T11:14:06Z,
xvitcoder/spring-mvc-angularjs,0,1,1,0,3,3,True,16,428,287,287,248,3,52.744057,558,2012-12-21T00:14:28Z,
xwjie/ElementVueSpringbootCodeTemplate,0,4,4,0,16,16,True,74,2124,377,377,125,6,47.189896,1372,2017-09-20T13:06:45Z,
xwjie/PLMCodeTemplate,1,1,2,5,3,8,False,26,892,1248,1248,409,6,56.619125,4217,2017-04-02T08:43:47Z,
YeautyYE/netty-websocket-spring-boot-starter,0,0,0,0,0,0,False,18,1446,133,133,42,3,38.396603,83,2018-07-02T02:17:43Z,
yidao620c/SpringBootBucket,0,29,29,0,108,108,True,246,9485,401,401,230,7,64.390854,2265,2018-03-04T09:46:49Z,
yidongnan/grpc-spring-boot-starter,0,16,16,0,50,50,True,134,4218,590,590,217,10,53.6676,828,2016-12-30T09:06:15Z,
yidongnan/spring-cloud-consul-example,0,0,0,0,2,2,True,9,187,142,142,82,3,44.26093,1017,2016-06-07T09:13:53Z,
yidongnan/spring-cloud-netflix-example,0,2,2,0,2,2,True,11,292,667,667,320,3,56.071655,1090,2016-06-07T02:23:48Z,
yinjihuan/elastic-job-spring-boot-starter,0,1,1,0,2,2,False,11,685,146,146,59,3,40.46875,53,2018-03-18T10:12:26Z,
yinjihuan/spring-boot-starter-encrypt,0,1,1,0,2,2,False,10,424,189,189,106,7,46.662548,78,2018-05-11T10:08:41Z,
yinjihuan/spring-cloud,4,15,19,9,43,52,True,184,6803,640,640,346,1,59.919903,313,2017-10-24T13:07:22Z,
yizhiwazi/springboot-socks,0,6,6,0,10,10,True,87,2351,492,492,313,0,58.477104,3029,2017-09-24T16:03:57Z,
ykameshrao/spring-hibernate-springdata-springmvc-maven-project-framework,8,0,8,28,0,28,False,68,2253,266,266,196,2,62.93678,434,2012-07-07T13:56:43Z,
youseries/uflo,2,0,2,48,0,48,False,293,14784,283,283,117,14,18.155304,3008,2017-06-26T11:25:56Z,
youseries/ureport,3,0,3,101,0,101,False,469,30113,633,633,298,56,40.4001,99475,2017-06-05T07:48:31Z,
youseries/urule,2,0,2,166,2,168,True,555,34685,547,547,258,14,40.392525,11974,2017-08-25T07:13:39Z,
youzan/bugCatcher,2,0,2,9,0,9,False,34,1471,358,358,165,0,37.231396,861,2017-03-31T10:34:29Z,
yrojha4ever/JavaStud,0,0,0,0,0,0,False,214,4604,158,158,80,0,18.518137,1648,2015-09-03T04:50:23Z,
yu199195/hmily,3,8,11,21,18,39,True,188,7385,1889,1889,715,36,37.662964,1406,2017-09-28T06:29:01Z,
yu199195/Jinx,0,0,0,0,0,0,False,26,2635,239,239,89,1,31.460419,61,2017-08-07T10:14:17Z,
yu199195/myth,20,32,52,84,65,149,True,250,8455,1167,1167,522,28,26.752712,1136,2017-12-01T06:33:28Z,
yu199195/Raincat,4,9,13,28,21,49,True,245,9632,1269,1269,520,19,35.941673,1568,2017-09-01T08:06:20Z,
yujunhao8831/spring-boot-start-current,0,13,13,0,33,33,True,142,6163,157,157,46,1,47.76657,1345,2017-06-29T02:55:10Z,
yzcheng90/X-SpringBoot,0,7,7,0,20,20,True,143,5860,235,235,119,1,58.02061,3062,2018-01-05T08:39:00Z,
zaiyunduan123/springboot-seckill,0,1,1,0,8,8,True,50,1810,341,341,138,9,52.389328,5033,2018-05-18T03:29:21Z,
zalando/problem-spring-web,0,0,0,0,0,0,False,83,1826,227,227,35,5,40.617928,765,2015-08-18T21:41:40Z,
zbum/netty-spring-example,0,0,0,0,6,6,True,7,236,119,119,63,0,42.186745,30,2015-08-03T00:41:43Z,
Zephery/newblog,8,0,8,111,0,111,True,141,7335,464,464,190,5,38.685303,39940,2017-07-13T03:21:50Z,
zhangkaitao/spring4-1-showcase,5,1,6,21,3,24,True,38,981,110,110,94,2,53.99483,226,2014-08-06T13:23:24Z,
zhangkaitao/spring4-showcase,7,3,10,26,6,32,True,61,2768,349,349,379,3,67.24044,167,2013-12-17T14:26:48Z,
zhanglei-workspace/shopping-management-system,4,0,4,15,0,15,True,94,6433,2255,2255,1644,12,58.68352,4348,2015-11-16T12:53:21Z,
zhangxd1989/spring-boot-cloud,0,2,2,0,2,2,True,16,346,1244,1244,746,17,67.4286,1292,2017-04-28T12:08:27Z,
zhangxd1989/springboot-dubbox,0,7,7,0,24,24,True,109,5114,649,649,414,6,61.02551,117,2017-02-10T10:28:20Z,
zhangyd-c/springboot-learning,0,4,4,0,14,14,True,90,2562,526,526,361,5,59.660866,1326,2017-03-02T06:31:20Z,
ZHENFENG13/perfect-ssm,4,1,5,15,3,18,False,28,1172,386,386,207,2,30.676014,5091,2017-07-07T03:01:15Z,
ZHENFENG13/ssm-demo,8,0,8,21,0,21,False,62,2515,924,924,494,11,40.34707,33988,2017-02-23T08:13:00Z,
zhengyunfei/springboot-hadmin,0,2,2,0,8,8,True,75,3225,144,144,89,8,47.532684,6837,2017-04-07T08:24:14Z,
ZhibingXie/SpringMVC-Spring-MyBatis,2,0,2,8,0,8,False,6,150,566,566,616,3,76.37324,1380,2014-01-19T05:21:12Z,
zhiyuncloud/aixuexiao,2,0,2,12,0,12,True,29,1739,249,249,250,3,19.702599,11706,2013-08-22T03:56:32Z,
zhonglinlin1305/Spring,10,0,10,61,0,61,True,42,1130,349,349,261,1,97.27449,19217,2015-11-20T03:19:06Z,
zhonglinlin1305/spring-boot-sample,0,11,11,0,30,30,True,77,3942,156,156,104,0,45.757027,254,2016-11-10T09:59:06Z,
zhoutaoo/SpringCloud,0,10,10,0,27,27,True,108,2487,131,131,84,3,55.620564,3965,2017-07-23T14:28:08Z,
zifangsky/WeatherSpider,0,3,3,0,8,8,True,54,1879,251,251,116,0,34.23506,56358,2016-12-25T10:38:46Z,
zpng/spring-cloud-7simple,0,2,2,0,9,9,True,30,1769,119,119,106,1,45.41576,11063,2016-10-11T10:13:12Z,
zpng/spring-cloud-microservice-examples,0,4,4,0,13,13,True,39,2170,344,344,216,7,57.2685,162,2016-10-28T04:31:24Z,
zsl131/spring-boot-test,0,0,0,0,0,0,True,48,1479,186,186,215,3,50.55918,130,2016-10-13T02:44:58Z,
ZzXxL1994/e3mall,27,0,27,105,0,105,False,93,9452,127,127,84,2,25.830837,5502,2017-12-24T15:11:29Z,
,,,,,,,,,,,,,,,,,